{
  "strategy_total_return": 0.07412317705096783,
  "strategy_ending_value": 107.41231770509678,
  "strategy_weeks_traded": 2,
  "strategy_max_drawdown": 0.0,
  "strategy_hit_rate": 1.0,
  "strategy_volatility": 0.01450519501999251
}