{
  "strategy_total_return": 0.9919436009861367,
  "strategy_ending_value": 199.19436009861366,
  "strategy_weeks_traded": 21,
  "strategy_max_drawdown": -0.035486262826081805,
  "strategy_hit_rate": 0.6190476190476191,
  "strategy_volatility": 0.05543686161854367
}