{
  "capital_per_trade": 10000.0,
  "alpha_threshold": 0.0,
  "trades_executed": 1508,
  "long_trades": 780,
  "short_trades": 728,
  "flat_rows": 29,
  "hit_rate": 0.48408488063660476,
  "gross_profit_dollars": 242352.34878412157,
  "gross_loss_dollars": -236423.55116312383,
  "net_pnl_dollars": 5928.797620997718,
  "average_pnl_dollars": 3.93156340914968,
  "max_cumulative_pnl_dollars": 10450.581984167466,
  "min_cumulative_pnl_dollars": -5678.582993727465,
  "return_on_traded_capital": 0.000393156340914968
}