{
  "strategy_total_return": -0.03530299118053237,
  "strategy_ending_value": 96.46970088194676,
  "strategy_weeks_traded": 2,
  "strategy_max_drawdown": -0.07036177894064233,
  "strategy_hit_rate": 0.5,
  "strategy_volatility": 0.05403703531604556
}