{
  "capital_per_trade": 10000.0,
  "alpha_threshold": 0.0,
  "trades_executed": 1508,
  "long_trades": 245,
  "short_trades": 1263,
  "flat_rows": 29,
  "hit_rate": 0.49137931034482757,
  "gross_profit_dollars": 224725.77220387326,
  "gross_loss_dollars": -254050.12774337214,
  "net_pnl_dollars": -29324.3555394989,
  "average_pnl_dollars": -19.445859111073542,
  "max_cumulative_pnl_dollars": 7773.631894412554,
  "min_cumulative_pnl_dollars": -31342.05303698343,
  "return_on_traded_capital": -0.0019445859111073543
}