{
  "strategy_total_return": -0.03377088392279204,
  "strategy_ending_value": 96.6229116077208,
  "strategy_weeks_traded": 21,
  "strategy_max_drawdown": -0.14188519462460314,
  "strategy_hit_rate": 0.38095238095238093,
  "strategy_volatility": 0.02660865899725457
}