{
  "strategy_total_return": 0.7271796394559422,
  "strategy_ending_value": 172.71796394559422,
  "strategy_weeks_traded": 21,
  "strategy_max_drawdown": -0.06085506555650633,
  "strategy_hit_rate": 0.7142857142857143,
  "strategy_volatility": 0.04655911198278465
}