{
  "benchmark_total_return": 0.29069865617228663,
  "benchmark_net_pnl_dollars": 2906.986561722866,
  "benchmark_holding_days": 365
}