feature,importance
temporal,0.20530372005009997
market,0.2030224593869154
ticker,0.1592448687693779
text,0.1469154439974522
event,0.12235362749492777
