{
  "threshold": 0.5,
  "accuracy": 0.7971014492753623,
  "precision": 0.7971014492753623,
  "recall": 1.0,
  "f1": 0.8870967741935484,
  "positive_rate": 0.7971014492753623,
  "roc_auc": 0.6118100649350651,
  "average_precision": 0.8373003260808574,
  "true_negatives": 0,
  "false_positives": 112,
  "false_negatives": 0,
  "true_positives": 440,
  "alpha_mae": 0.06644419529784763,
  "alpha_rmse": 0.08368341443033553,
  "alpha_r2": -0.8864867686620006,
  "alpha_direction_accuracy": 0.40398550724637683
}