{
  "strategy_total_return": 0.025914647186353168,
  "strategy_ending_value": 102.59146471863531,
  "strategy_weeks_traded": 2,
  "strategy_max_drawdown": 0.0,
  "strategy_hit_rate": 1.0,
  "strategy_volatility": 0.009581553427042639
}