{
  "strategy_total_return": -0.17549820999899213,
  "strategy_ending_value": 82.45017900010079,
  "strategy_weeks_traded": 2,
  "strategy_max_drawdown": -0.17549820999899213,
  "strategy_hit_rate": 0.0,
  "strategy_volatility": 0.06916397067221296
}