feature,importance
market,0.24489172152016328
ticker,0.19545845196824146
temporal,0.15618281911333892
event,0.12706055896927493
text,0.12674493129833533
