{
  "threshold": 0.32499999999999996,
  "accuracy": 0.7908424908424908,
  "precision": 0.7908424908424908,
  "recall": 1.0,
  "f1": 0.8832071998363673,
  "positive_rate": 0.7908424908424908,
  "roc_auc": 0.5698165343424995,
  "average_precision": 0.8297367199895462,
  "true_negatives": 0,
  "false_positives": 1713,
  "false_negatives": 0,
  "true_positives": 6477,
  "alpha_mae": 0.035734900341804994,
  "alpha_rmse": 0.05020590257495659,
  "alpha_r2": 0.012820871672272638,
  "alpha_direction_accuracy": 0.545054945054945
}