{
  "strategy_total_return": 0.047458957562880766,
  "strategy_ending_value": 104.74589575628808,
  "strategy_weeks_traded": 102,
  "strategy_max_drawdown": -0.09097524918009248,
  "strategy_hit_rate": 0.5294117647058824,
  "strategy_volatility": 0.00831325879104987
}