{
  "benchmark_total_return": 0.047458957562881876,
  "benchmark_net_pnl_dollars": 4.745895756288188,
  "benchmark_holding_days": 148
}