{
  "benchmark_total_return": 0.04242936167007638,
  "benchmark_net_pnl_dollars": 4.242936167007638,
  "benchmark_holding_days": 117
}