{
  "strategy_total_return": 0.04242936167007705,
  "strategy_ending_value": 104.24293616700771,
  "strategy_weeks_traded": 81,
  "strategy_max_drawdown": -0.09097524918009248,
  "strategy_hit_rate": 0.5308641975308642,
  "strategy_volatility": 0.00890863954418306
}